5/13/2023 4:34:10	Jeran	"Wordle 693 4/6*

â¬›â¬›ğŸŸ¨ğŸŸ¨â¬›
ğŸŸ¨â¬›ğŸŸ¨ğŸŸ¨â¬›
ğŸŸ¨ğŸŸ¨ğŸŸ©â¬›â¬›
ğŸŸ©ğŸŸ©ğŸŸ©ğŸŸ©ğŸŸ©"	Recap, Carol	Tough one.
5/13/2023 4:37:53	Lindsay	"Wordle 693 4/6*

â¬œâ¬œğŸŸ¨ğŸŸ¨â¬œ
ğŸŸ¨ğŸŸ¨ğŸŸ¨â¬œâ¬œ
ğŸŸ¨â¬œğŸŸ©ğŸŸ¨â¬œ
ğŸŸ©ğŸŸ©ğŸŸ©ğŸŸ©ğŸŸ©"	Racer, Coral	
5/13/2023 5:31:42	Becky	"Wordle 693 3/6*

â¬›â¬›ğŸŸ¨ğŸŸ¨â¬›
ğŸŸ¨ğŸŸ¨ğŸŸ©â¬›â¬›
ğŸŸ©ğŸŸ©ğŸŸ©ğŸŸ©ğŸŸ©"	Carat	
5/13/2023 6:05:35	Dan	"Wordle 693 5/6*

â¬›â¬›ğŸŸ¨ğŸŸ¨â¬›
ğŸŸ¨ğŸŸ¨â¬›â¬›â¬›
â¬›â¬›ğŸŸ¨ğŸŸ¨â¬›
ğŸŸ©ğŸŸ©â¬›â¬›ğŸŸ©
ğŸŸ©ğŸŸ©ğŸŸ©ğŸŸ©ğŸŸ©"	Campy  local, acted	Hello last place my old friend. 
5/13/2023 6:44:00	Neela	"Wordle 693 4/6*

â¬œâ¬œğŸŸ¨ğŸŸ¨â¬œ
ğŸŸ¨ğŸŸ¨â¬œâ¬œâ¬œ
ğŸŸ©ğŸŸ©â¬œâ¬œğŸŸ¨
ğŸŸ©ğŸŸ©ğŸŸ©ğŸŸ©ğŸŸ©"	Campy, actor	
5/13/2023 6:54:38	Fred	"Wordle 693 4/6*

â¬œâ¬œğŸŸ¨ğŸŸ¨â¬œ
ğŸŸ¨â¬œâ¬œğŸŸ¨â¬œ
â¬œğŸŸ¨â¬œğŸŸ©ğŸŸ¨
ğŸŸ©ğŸŸ©ğŸŸ©ğŸŸ©ğŸŸ©"	Cheap, basic 	
5/13/2023 7:27:45	Mandy	"Wordle 693 3/6*

â¬œâ¬œğŸŸ¨ğŸŸ¨â¬œ
ğŸŸ¨ğŸŸ¨â¬œğŸŸ¨â¬œ
ğŸŸ©ğŸŸ©ğŸŸ©ğŸŸ©ğŸŸ©"	Cream	
5/13/2023 7:48:06	Neela	"Wordle 693 4/6*

â¬œâ¬œğŸŸ¨ğŸŸ¨â¬œ
ğŸŸ¨ğŸŸ¨â¬œâ¬œâ¬œ
ğŸŸ©ğŸŸ©â¬œâ¬œğŸŸ¨
ğŸŸ©ğŸŸ©ğŸŸ©ğŸŸ©ğŸŸ©"	Campy, actor	
5/13/2023 8:39:14	Nancy	"Wordle 693 4/6*

â¬œâ¬œğŸŸ¨ğŸŸ¨â¬œ
ğŸŸ¨â¬œâ¬œğŸŸ¨â¬œ
â¬œğŸŸ¨â¬œğŸŸ©ğŸŸ¨
ğŸŸ©ğŸŸ©ğŸŸ©ğŸŸ©ğŸŸ©"	Cheat, magic	
